,file_name,category_id,count
0,data_old/output_image/S1/Plate_03/Scramble/001003-1-001001.png,Infected cell,30
1,data_old/output_image/S1/Plate_03/Scramble/001003-1-001001.png,Irrelevant cell,43
2,data_old/output_image/S1/Plate_03/Scramble/001003-1-001001.png,Uninfected cell,71
3,data_old/output_image/S1/Plate_03/Scramble/001003-3-001001.png,Infected cell,14
4,data_old/output_image/S1/Plate_03/Scramble/001003-3-001001.png,Irrelevant cell,32
5,data_old/output_image/S1/Plate_03/Scramble/001003-3-001001.png,Uninfected cell,96
6,data_old/output_image/S1/Plate_03/Scramble/001003-4-001001.png,Infected cell,15
7,data_old/output_image/S1/Plate_03/Scramble/001003-4-001001.png,Irrelevant cell,37
8,data_old/output_image/S1/Plate_03/Scramble/001003-4-001001.png,Uninfected cell,107
9,data_old/output_image/S1/Plate_03/Scramble/001003-5-001001.png,Infected cell,24
10,data_old/output_image/S1/Plate_03/Scramble/001003-5-001001.png,Irrelevant cell,31
11,data_old/output_image/S1/Plate_03/Scramble/001003-5-001001.png,Uninfected cell,99
12,data_old/output_image/S1/Plate_03/Scramble/001022-1-001001.png,Infected cell,14
13,data_old/output_image/S1/Plate_03/Scramble/001022-1-001001.png,Irrelevant cell,23
14,data_old/output_image/S1/Plate_03/Scramble/001022-1-001001.png,Uninfected cell,70
15,data_old/output_image/S1/Plate_03/Scramble/001022-2-001001.png,Infected cell,21
16,data_old/output_image/S1/Plate_03/Scramble/001022-2-001001.png,Irrelevant cell,38
17,data_old/output_image/S1/Plate_03/Scramble/001022-2-001001.png,Uninfected cell,51
18,data_old/output_image/S1/Plate_03/Scramble/001022-3-001001.png,Infected cell,13
19,data_old/output_image/S1/Plate_03/Scramble/001022-3-001001.png,Irrelevant cell,37
20,data_old/output_image/S1/Plate_03/Scramble/001022-3-001001.png,Uninfected cell,81
21,data_old/output_image/S1/Plate_03/Scramble/001022-4-001001.png,Infected cell,21
22,data_old/output_image/S1/Plate_03/Scramble/001022-4-001001.png,Irrelevant cell,36
23,data_old/output_image/S1/Plate_03/Scramble/001022-4-001001.png,Uninfected cell,115
24,data_old/output_image/S1/Plate_03/Scramble/008001-2-001001.png,Infected cell,23
25,data_old/output_image/S1/Plate_03/Scramble/008001-2-001001.png,Irrelevant cell,43
26,data_old/output_image/S1/Plate_03/Scramble/008001-2-001001.png,Uninfected cell,82
27,data_old/output_image/S1/Plate_03/Scramble/008001-3-001001.png,Infected cell,35
28,data_old/output_image/S1/Plate_03/Scramble/008001-3-001001.png,Irrelevant cell,29
29,data_old/output_image/S1/Plate_03/Scramble/008001-3-001001.png,Uninfected cell,81
30,data_old/output_image/S1/Plate_03/Scramble/008001-4-001001.png,Infected cell,31
31,data_old/output_image/S1/Plate_03/Scramble/008001-4-001001.png,Irrelevant cell,28
32,data_old/output_image/S1/Plate_03/Scramble/008001-4-001001.png,Uninfected cell,83
33,data_old/output_image/S1/Plate_03/Scramble/008024-1-001001.png,Infected cell,29
34,data_old/output_image/S1/Plate_03/Scramble/008024-1-001001.png,Irrelevant cell,38
35,data_old/output_image/S1/Plate_03/Scramble/008024-1-001001.png,Uninfected cell,52
36,data_old/output_image/S1/Plate_03/Scramble/008024-2-001001.png,Infected cell,25
37,data_old/output_image/S1/Plate_03/Scramble/008024-2-001001.png,Irrelevant cell,34
38,data_old/output_image/S1/Plate_03/Scramble/008024-2-001001.png,Uninfected cell,45
39,data_old/output_image/S1/Plate_03/Scramble/008024-3-001001.png,Infected cell,22
40,data_old/output_image/S1/Plate_03/Scramble/008024-3-001001.png,Irrelevant cell,32
41,data_old/output_image/S1/Plate_03/Scramble/008024-3-001001.png,Uninfected cell,60
42,data_old/output_image/S1/Plate_03/Scramble/008024-4-001001.png,Infected cell,24
43,data_old/output_image/S1/Plate_03/Scramble/008024-4-001001.png,Irrelevant cell,31
44,data_old/output_image/S1/Plate_03/Scramble/008024-4-001001.png,Uninfected cell,53
45,data_old/output_image/S1/Plate_03/Scramble/008024-5-001001.png,Infected cell,19
46,data_old/output_image/S1/Plate_03/Scramble/008024-5-001001.png,Irrelevant cell,34
47,data_old/output_image/S1/Plate_03/Scramble/008024-5-001001.png,Uninfected cell,37
48,data_old/output_image/S1/Plate_03/Scramble/011003-1-001001.png,Infected cell,29
49,data_old/output_image/S1/Plate_03/Scramble/011003-1-001001.png,Irrelevant cell,21
50,data_old/output_image/S1/Plate_03/Scramble/011003-1-001001.png,Uninfected cell,64
51,data_old/output_image/S1/Plate_03/Scramble/011003-2-001001.png,Infected cell,18
52,data_old/output_image/S1/Plate_03/Scramble/011003-2-001001.png,Irrelevant cell,36
53,data_old/output_image/S1/Plate_03/Scramble/011003-2-001001.png,Uninfected cell,80
54,data_old/output_image/S1/Plate_03/Scramble/011003-3-001001.png,Infected cell,11
55,data_old/output_image/S1/Plate_03/Scramble/011003-3-001001.png,Irrelevant cell,33
56,data_old/output_image/S1/Plate_03/Scramble/011003-3-001001.png,Uninfected cell,105
57,data_old/output_image/S1/Plate_03/Scramble/011003-4-001001.png,Infected cell,21
58,data_old/output_image/S1/Plate_03/Scramble/011003-4-001001.png,Irrelevant cell,29
59,data_old/output_image/S1/Plate_03/Scramble/011003-4-001001.png,Uninfected cell,45
60,data_old/output_image/S1/Plate_03/Scramble/011022-1-001001.png,Infected cell,26
61,data_old/output_image/S1/Plate_03/Scramble/011022-1-001001.png,Irrelevant cell,32
62,data_old/output_image/S1/Plate_03/Scramble/011022-1-001001.png,Uninfected cell,69
63,data_old/output_image/S1/Plate_03/Scramble/011022-2-001001.png,Infected cell,17
64,data_old/output_image/S1/Plate_03/Scramble/011022-2-001001.png,Irrelevant cell,34
65,data_old/output_image/S1/Plate_03/Scramble/011022-2-001001.png,Uninfected cell,65
66,data_old/output_image/S1/Plate_03/Scramble/011022-3-001001.png,Infected cell,34
67,data_old/output_image/S1/Plate_03/Scramble/011022-3-001001.png,Irrelevant cell,34
68,data_old/output_image/S1/Plate_03/Scramble/011022-3-001001.png,Uninfected cell,70
69,data_old/output_image/S1/Plate_03/Scramble/011022-5-001001.png,Infected cell,12
70,data_old/output_image/S1/Plate_03/Scramble/011022-5-001001.png,Irrelevant cell,44
71,data_old/output_image/S1/Plate_03/Scramble/011022-5-001001.png,Uninfected cell,116
72,data_old/output_image/S1/Plate_03/Testing/001002-1-001001.png,Infected cell,38
73,data_old/output_image/S1/Plate_03/Testing/001002-1-001001.png,Irrelevant cell,45
74,data_old/output_image/S1/Plate_03/Testing/001002-1-001001.png,Uninfected cell,98
75,data_old/output_image/S1/Plate_03/Testing/001002-3-001001.png,Infected cell,11
76,data_old/output_image/S1/Plate_03/Testing/001002-3-001001.png,Irrelevant cell,45
77,data_old/output_image/S1/Plate_03/Testing/001002-3-001001.png,Uninfected cell,110
78,data_old/output_image/S1/Plate_03/Testing/001002-4-001001.png,Infected cell,27
79,data_old/output_image/S1/Plate_03/Testing/001002-4-001001.png,Irrelevant cell,50
80,data_old/output_image/S1/Plate_03/Testing/001002-4-001001.png,Uninfected cell,94
81,data_old/output_image/S1/Plate_03/Testing/001002-5-001001.png,Infected cell,24
82,data_old/output_image/S1/Plate_03/Testing/001002-5-001001.png,Irrelevant cell,42
83,data_old/output_image/S1/Plate_03/Testing/001002-5-001001.png,Uninfected cell,80
84,data_old/output_image/S1/Plate_03/Testing/001004-10-001001.png,Infected cell,5
85,data_old/output_image/S1/Plate_03/Testing/001004-10-001001.png,Irrelevant cell,9
86,data_old/output_image/S1/Plate_03/Testing/001004-10-001001.png,Uninfected cell,29
87,data_old/output_image/S1/Plate_03/Testing/001004-6-001001.png,Infected cell,12
88,data_old/output_image/S1/Plate_03/Testing/001004-6-001001.png,Irrelevant cell,22
89,data_old/output_image/S1/Plate_03/Testing/001004-6-001001.png,Uninfected cell,40
90,data_old/output_image/S1/Plate_03/Testing/001004-8-001001.png,Infected cell,12
91,data_old/output_image/S1/Plate_03/Testing/001004-8-001001.png,Irrelevant cell,32
92,data_old/output_image/S1/Plate_03/Testing/001004-8-001001.png,Uninfected cell,47
93,data_old/output_image/S1/Plate_03/Testing/001004-9-001001.png,Infected cell,8
94,data_old/output_image/S1/Plate_03/Testing/001004-9-001001.png,Irrelevant cell,21
95,data_old/output_image/S1/Plate_03/Testing/001004-9-001001.png,Uninfected cell,20
96,data_old/output_image/S1/Plate_03/Testing/003007-1-001001.png,Infected cell,6
97,data_old/output_image/S1/Plate_03/Testing/003007-1-001001.png,Irrelevant cell,9
98,data_old/output_image/S1/Plate_03/Testing/003007-1-001001.png,Uninfected cell,24
99,data_old/output_image/S1/Plate_03/Testing/003007-2-001001.png,Infected cell,14
100,data_old/output_image/S1/Plate_03/Testing/003007-2-001001.png,Irrelevant cell,27
101,data_old/output_image/S1/Plate_03/Testing/003007-2-001001.png,Uninfected cell,30
102,data_old/output_image/S1/Plate_03/Testing/003007-4-001001.png,Infected cell,3
103,data_old/output_image/S1/Plate_03/Testing/003007-4-001001.png,Irrelevant cell,8
104,data_old/output_image/S1/Plate_03/Testing/003007-4-001001.png,Uninfected cell,10
105,data_old/output_image/S1/Plate_03/Testing/003007-5-001001.png,Infected cell,2
106,data_old/output_image/S1/Plate_03/Testing/003007-5-001001.png,Irrelevant cell,7
107,data_old/output_image/S1/Plate_03/Testing/005007-10-001001.png,Infected cell,11
108,data_old/output_image/S1/Plate_03/Testing/005007-10-001001.png,Irrelevant cell,22
109,data_old/output_image/S1/Plate_03/Testing/005007-10-001001.png,Uninfected cell,47
110,data_old/output_image/S1/Plate_03/Testing/005007-4-001001.png,Infected cell,12
111,data_old/output_image/S1/Plate_03/Testing/005007-4-001001.png,Irrelevant cell,18
112,data_old/output_image/S1/Plate_03/Testing/005007-4-001001.png,Uninfected cell,21
113,data_old/output_image/S1/Plate_03/Testing/005007-7-001001.png,Infected cell,12
114,data_old/output_image/S1/Plate_03/Testing/005007-7-001001.png,Irrelevant cell,12
115,data_old/output_image/S1/Plate_03/Testing/005007-7-001001.png,Uninfected cell,15
116,data_old/output_image/S1/Plate_03/Testing/005007-9-001001.png,Infected cell,16
117,data_old/output_image/S1/Plate_03/Testing/005007-9-001001.png,Irrelevant cell,10
118,data_old/output_image/S1/Plate_03/Testing/005007-9-001001.png,Uninfected cell,19
119,data_old/output_image/S1/Plate_03/Testing/005016-1-001001.png,Infected cell,2
120,data_old/output_image/S1/Plate_03/Testing/005016-1-001001.png,Irrelevant cell,1
121,data_old/output_image/S1/Plate_03/Testing/005016-1-001001.png,Uninfected cell,2
122,data_old/output_image/S1/Plate_03/Testing/005016-2-001001.png,Infected cell,14
123,data_old/output_image/S1/Plate_03/Testing/005016-2-001001.png,Irrelevant cell,17
124,data_old/output_image/S1/Plate_03/Testing/005016-2-001001.png,Uninfected cell,32
125,data_old/output_image/S1/Plate_03/Testing/005016-4-001001.png,Infected cell,5
126,data_old/output_image/S1/Plate_03/Testing/005016-4-001001.png,Irrelevant cell,3
127,data_old/output_image/S1/Plate_03/Testing/005016-5-001001.png,Infected cell,1
128,data_old/output_image/S1/Plate_03/Testing/005016-5-001001.png,Irrelevant cell,2
129,data_old/output_image/S1/Plate_03/Testing/006012-10-001001.png,Infected cell,2
130,data_old/output_image/S1/Plate_03/Testing/006012-10-001001.png,Irrelevant cell,9
131,data_old/output_image/S1/Plate_03/Testing/006012-10-001001.png,Uninfected cell,6
132,data_old/output_image/S1/Plate_03/Testing/006012-7-001001.png,Infected cell,1
133,data_old/output_image/S1/Plate_03/Testing/006012-7-001001.png,Irrelevant cell,4
134,data_old/output_image/S1/Plate_03/Testing/006012-7-001001.png,Uninfected cell,16
135,data_old/output_image/S1/Plate_03/Testing/006012-8-001001.png,Infected cell,8
136,data_old/output_image/S1/Plate_03/Testing/006012-8-001001.png,Irrelevant cell,8
137,data_old/output_image/S1/Plate_03/Testing/006012-8-001001.png,Uninfected cell,19
138,data_old/output_image/S1/Plate_03/Testing/006012-9-001001.png,Infected cell,1
139,data_old/output_image/S1/Plate_03/Testing/006012-9-001001.png,Irrelevant cell,2
140,data_old/output_image/S1/Plate_03/Testing/006012-9-001001.png,Uninfected cell,2
141,data_old/output_image/S1/Plate_03/Testing/006013-1-001001.png,Infected cell,15
142,data_old/output_image/S1/Plate_03/Testing/006013-1-001001.png,Irrelevant cell,27
143,data_old/output_image/S1/Plate_03/Testing/006013-1-001001.png,Uninfected cell,25
144,data_old/output_image/S1/Plate_03/Testing/006013-3-001001.png,Infected cell,8
145,data_old/output_image/S1/Plate_03/Testing/006013-3-001001.png,Irrelevant cell,20
146,data_old/output_image/S1/Plate_03/Testing/006013-3-001001.png,Uninfected cell,39
147,data_old/output_image/S1/Plate_03/Testing/006013-4-001001.png,Infected cell,5
148,data_old/output_image/S1/Plate_03/Testing/006013-4-001001.png,Irrelevant cell,18
149,data_old/output_image/S1/Plate_03/Testing/006013-4-001001.png,Uninfected cell,35
150,data_old/output_image/S1/Plate_03/Testing/006013-5-001001.png,Infected cell,4
151,data_old/output_image/S1/Plate_03/Testing/006013-5-001001.png,Irrelevant cell,18
152,data_old/output_image/S1/Plate_03/Testing/006013-5-001001.png,Uninfected cell,32
153,data_old/output_image/S1/Plate_03/Testing/006015-6-001001.png,Infected cell,7
154,data_old/output_image/S1/Plate_03/Testing/006015-6-001001.png,Irrelevant cell,9
155,data_old/output_image/S1/Plate_03/Testing/006015-6-001001.png,Uninfected cell,31
156,data_old/output_image/S1/Plate_03/Testing/006015-7-001001.png,Infected cell,4
157,data_old/output_image/S1/Plate_03/Testing/006015-7-001001.png,Irrelevant cell,12
158,data_old/output_image/S1/Plate_03/Testing/006015-7-001001.png,Uninfected cell,26
159,data_old/output_image/S1/Plate_03/Testing/006015-8-001001.png,Infected cell,7
160,data_old/output_image/S1/Plate_03/Testing/006015-8-001001.png,Irrelevant cell,15
161,data_old/output_image/S1/Plate_03/Testing/006015-8-001001.png,Uninfected cell,31
162,data_old/output_image/S1/Plate_03/Testing/006015-9-001001.png,Infected cell,6
163,data_old/output_image/S1/Plate_03/Testing/006015-9-001001.png,Irrelevant cell,9
164,data_old/output_image/S1/Plate_03/Testing/006015-9-001001.png,Uninfected cell,9
165,data_old/output_image/S1/Plate_03/Testing/006018-10-001001.png,Infected cell,16
166,data_old/output_image/S1/Plate_03/Testing/006018-10-001001.png,Irrelevant cell,27
167,data_old/output_image/S1/Plate_03/Testing/006018-10-001001.png,Uninfected cell,59
168,data_old/output_image/S1/Plate_03/Testing/006018-6-001001.png,Infected cell,16
169,data_old/output_image/S1/Plate_03/Testing/006018-6-001001.png,Irrelevant cell,12
170,data_old/output_image/S1/Plate_03/Testing/006018-6-001001.png,Uninfected cell,20
171,data_old/output_image/S1/Plate_03/Testing/006018-8-001001.png,Infected cell,27
172,data_old/output_image/S1/Plate_03/Testing/006018-8-001001.png,Irrelevant cell,27
173,data_old/output_image/S1/Plate_03/Testing/006018-8-001001.png,Uninfected cell,57
174,data_old/output_image/S1/Plate_03/Testing/006018-9-001001.png,Infected cell,15
175,data_old/output_image/S1/Plate_03/Testing/006018-9-001001.png,Irrelevant cell,23
176,data_old/output_image/S1/Plate_03/Testing/006018-9-001001.png,Uninfected cell,35
177,data_old/output_image/S1/Plate_03/Testing/006020-1-001001.png,Infected cell,15
178,data_old/output_image/S1/Plate_03/Testing/006020-1-001001.png,Irrelevant cell,22
179,data_old/output_image/S1/Plate_03/Testing/006020-1-001001.png,Uninfected cell,28
180,data_old/output_image/S1/Plate_03/Testing/006020-2-001001.png,Infected cell,14
181,data_old/output_image/S1/Plate_03/Testing/006020-2-001001.png,Irrelevant cell,21
182,data_old/output_image/S1/Plate_03/Testing/006020-2-001001.png,Uninfected cell,37
183,data_old/output_image/S1/Plate_03/Testing/006020-3-001001.png,Infected cell,13
184,data_old/output_image/S1/Plate_03/Testing/006020-3-001001.png,Irrelevant cell,17
185,data_old/output_image/S1/Plate_03/Testing/006020-3-001001.png,Uninfected cell,35
186,data_old/output_image/S1/Plate_03/Testing/006020-5-001001.png,Infected cell,4
187,data_old/output_image/S1/Plate_03/Testing/006020-5-001001.png,Irrelevant cell,3
188,data_old/output_image/S1/Plate_03/Testing/006020-5-001001.png,Uninfected cell,10
189,data_old/output_image/S1/Plate_03/Testing/007016-2-001001.png,Infected cell,8
190,data_old/output_image/S1/Plate_03/Testing/007016-2-001001.png,Irrelevant cell,12
191,data_old/output_image/S1/Plate_03/Testing/007016-2-001001.png,Uninfected cell,26
192,data_old/output_image/S1/Plate_03/Testing/007016-3-001001.png,Infected cell,10
193,data_old/output_image/S1/Plate_03/Testing/007016-3-001001.png,Irrelevant cell,27
194,data_old/output_image/S1/Plate_03/Testing/007016-3-001001.png,Uninfected cell,44
195,data_old/output_image/S1/Plate_03/Testing/007016-4-001001.png,Infected cell,5
196,data_old/output_image/S1/Plate_03/Testing/007016-4-001001.png,Irrelevant cell,12
197,data_old/output_image/S1/Plate_03/Testing/007016-4-001001.png,Uninfected cell,11
198,data_old/output_image/S1/Plate_03/Testing/007016-5-001001.png,Infected cell,2
199,data_old/output_image/S1/Plate_03/Testing/007016-5-001001.png,Irrelevant cell,21
200,data_old/output_image/S1/Plate_03/Testing/007016-5-001001.png,Uninfected cell,18
201,data_old/output_image/S1/Plate_03/Testing/008020-2-001001.png,Infected cell,9
202,data_old/output_image/S1/Plate_03/Testing/008020-2-001001.png,Irrelevant cell,8
203,data_old/output_image/S1/Plate_03/Testing/008020-2-001001.png,Uninfected cell,7
204,data_old/output_image/S1/Plate_03/Testing/008020-3-001001.png,Infected cell,14
205,data_old/output_image/S1/Plate_03/Testing/008020-3-001001.png,Irrelevant cell,19
206,data_old/output_image/S1/Plate_03/Testing/008020-3-001001.png,Uninfected cell,26
207,data_old/output_image/S1/Plate_03/Testing/008020-4-001001.png,Infected cell,3
208,data_old/output_image/S1/Plate_03/Testing/008020-4-001001.png,Irrelevant cell,5
209,data_old/output_image/S1/Plate_03/Testing/008020-4-001001.png,Uninfected cell,5
210,data_old/output_image/S1/Plate_03/Testing/008020-5-001001.png,Infected cell,5
211,data_old/output_image/S1/Plate_03/Testing/008020-5-001001.png,Irrelevant cell,7
212,data_old/output_image/S1/Plate_03/Testing/008020-5-001001.png,Uninfected cell,16
213,data_old/output_image/S1/Plate_03/Testing/012008-2-001001.png,Infected cell,13
214,data_old/output_image/S1/Plate_03/Testing/012008-2-001001.png,Irrelevant cell,17
215,data_old/output_image/S1/Plate_03/Testing/012008-2-001001.png,Uninfected cell,18
216,data_old/output_image/S1/Plate_03/Testing/012008-3-001001.png,Infected cell,9
217,data_old/output_image/S1/Plate_03/Testing/012008-3-001001.png,Irrelevant cell,21
218,data_old/output_image/S1/Plate_03/Testing/012008-3-001001.png,Uninfected cell,22
219,data_old/output_image/S1/Plate_03/Testing/012008-4-001001.png,Infected cell,5
220,data_old/output_image/S1/Plate_03/Testing/012008-4-001001.png,Irrelevant cell,10
221,data_old/output_image/S1/Plate_03/Testing/012008-4-001001.png,Uninfected cell,8
222,data_old/output_image/S1/Plate_03/Testing/012008-5-001001.png,Infected cell,2
223,data_old/output_image/S1/Plate_03/Testing/012008-5-001001.png,Irrelevant cell,8
224,data_old/output_image/S1/Plate_03/Testing/012008-5-001001.png,Uninfected cell,3
225,data_old/output_image/S1/Plate_03/Testing/012010-10-001001.png,Infected cell,7
226,data_old/output_image/S1/Plate_03/Testing/012010-10-001001.png,Irrelevant cell,9
227,data_old/output_image/S1/Plate_03/Testing/012010-10-001001.png,Uninfected cell,13
228,data_old/output_image/S1/Plate_03/Testing/012010-6-001001.png,Infected cell,7
229,data_old/output_image/S1/Plate_03/Testing/012010-6-001001.png,Irrelevant cell,21
230,data_old/output_image/S1/Plate_03/Testing/012010-6-001001.png,Uninfected cell,23
231,data_old/output_image/S1/Plate_03/Testing/012010-8-001001.png,Infected cell,9
232,data_old/output_image/S1/Plate_03/Testing/012010-8-001001.png,Irrelevant cell,14
233,data_old/output_image/S1/Plate_03/Testing/012010-8-001001.png,Uninfected cell,28
234,data_old/output_image/S1/Plate_03/Testing/012010-9-001001.png,Infected cell,5
235,data_old/output_image/S1/Plate_03/Testing/012010-9-001001.png,Irrelevant cell,14
236,data_old/output_image/S1/Plate_03/Testing/012010-9-001001.png,Uninfected cell,27
237,data_old/output_image/S1/Plate_03/Testing/012012-1-001001.png,Infected cell,11
238,data_old/output_image/S1/Plate_03/Testing/012012-1-001001.png,Irrelevant cell,14
239,data_old/output_image/S1/Plate_03/Testing/012012-1-001001.png,Uninfected cell,21
240,data_old/output_image/S1/Plate_03/Testing/012012-2-001001.png,Infected cell,8
241,data_old/output_image/S1/Plate_03/Testing/012012-2-001001.png,Irrelevant cell,16
242,data_old/output_image/S1/Plate_03/Testing/012012-2-001001.png,Uninfected cell,19
243,data_old/output_image/S1/Plate_03/Testing/012012-3-001001.png,Infected cell,9
244,data_old/output_image/S1/Plate_03/Testing/012012-3-001001.png,Irrelevant cell,18
245,data_old/output_image/S1/Plate_03/Testing/012012-3-001001.png,Uninfected cell,38
246,data_old/output_image/S1/Plate_03/Testing/012012-5-001001.png,Infected cell,7
247,data_old/output_image/S1/Plate_03/Testing/012012-5-001001.png,Irrelevant cell,15
248,data_old/output_image/S1/Plate_03/Testing/012012-5-001001.png,Uninfected cell,19
249,data_old/output_image/S1/Plate_03/Testing/012016-6-001001.png,Infected cell,7
250,data_old/output_image/S1/Plate_03/Testing/012016-6-001001.png,Irrelevant cell,8
251,data_old/output_image/S1/Plate_03/Testing/012016-6-001001.png,Uninfected cell,16
252,data_old/output_image/S1/Plate_03/Testing/012016-7-001001.png,Infected cell,10
253,data_old/output_image/S1/Plate_03/Testing/012016-7-001001.png,Irrelevant cell,7
254,data_old/output_image/S1/Plate_03/Testing/012016-7-001001.png,Uninfected cell,12
255,data_old/output_image/S1/Plate_03/Testing/012016-8-001001.png,Infected cell,8
256,data_old/output_image/S1/Plate_03/Testing/012016-8-001001.png,Irrelevant cell,10
257,data_old/output_image/S1/Plate_03/Testing/012016-8-001001.png,Uninfected cell,14
258,data_old/output_image/S1/Plate_03/Testing/012016-9-001001.png,Infected cell,6
259,data_old/output_image/S1/Plate_03/Testing/012016-9-001001.png,Irrelevant cell,10
260,data_old/output_image/S1/Plate_03/Testing/012016-9-001001.png,Uninfected cell,22
261,data_old/output_image/S1/Plate_03/Testing/012017-10-001001.png,Infected cell,4
262,data_old/output_image/S1/Plate_03/Testing/012017-10-001001.png,Irrelevant cell,5
263,data_old/output_image/S1/Plate_03/Testing/012017-10-001001.png,Uninfected cell,18
264,data_old/output_image/S1/Plate_03/Testing/012017-7-001001.png,Infected cell,8
265,data_old/output_image/S1/Plate_03/Testing/012017-7-001001.png,Irrelevant cell,6
266,data_old/output_image/S1/Plate_03/Testing/012017-7-001001.png,Uninfected cell,13
267,data_old/output_image/S1/Plate_03/Testing/012017-8-001001.png,Infected cell,1
268,data_old/output_image/S1/Plate_03/Testing/012017-8-001001.png,Irrelevant cell,10
269,data_old/output_image/S1/Plate_03/Testing/012017-8-001001.png,Uninfected cell,14
270,data_old/output_image/S1/Plate_03/Testing/012017-9-001001.png,Infected cell,5
271,data_old/output_image/S1/Plate_03/Testing/012017-9-001001.png,Irrelevant cell,5
272,data_old/output_image/S1/Plate_03/Testing/012017-9-001001.png,Uninfected cell,16
273,data_old/output_image/S1/Plate_03/Testing/012018-1-001001.png,Infected cell,17
274,data_old/output_image/S1/Plate_03/Testing/012018-1-001001.png,Irrelevant cell,18
275,data_old/output_image/S1/Plate_03/Testing/012018-1-001001.png,Uninfected cell,27
276,data_old/output_image/S1/Plate_03/Testing/012018-2-001001.png,Infected cell,7
277,data_old/output_image/S1/Plate_03/Testing/012018-2-001001.png,Irrelevant cell,9
278,data_old/output_image/S1/Plate_03/Testing/012018-2-001001.png,Uninfected cell,43
279,data_old/output_image/S1/Plate_03/Testing/012018-3-001001.png,Infected cell,13
280,data_old/output_image/S1/Plate_03/Testing/012018-3-001001.png,Irrelevant cell,11
281,data_old/output_image/S1/Plate_03/Testing/012018-3-001001.png,Uninfected cell,18
282,data_old/output_image/S1/Plate_03/Testing/012018-4-001001.png,Infected cell,16
283,data_old/output_image/S1/Plate_03/Testing/012018-4-001001.png,Irrelevant cell,16
284,data_old/output_image/S1/Plate_03/Testing/012018-4-001001.png,Uninfected cell,28
285,data_old/output_image/S1/Plate_03/Testing/013015-1-001001.png,Infected cell,14
286,data_old/output_image/S1/Plate_03/Testing/013015-1-001001.png,Irrelevant cell,22
287,data_old/output_image/S1/Plate_03/Testing/013015-1-001001.png,Uninfected cell,70
288,data_old/output_image/S1/Plate_03/Testing/013015-3-001001.png,Infected cell,13
289,data_old/output_image/S1/Plate_03/Testing/013015-3-001001.png,Irrelevant cell,28
290,data_old/output_image/S1/Plate_03/Testing/013015-3-001001.png,Uninfected cell,52
291,data_old/output_image/S1/Plate_03/Testing/013015-4-001001.png,Infected cell,15
292,data_old/output_image/S1/Plate_03/Testing/013015-4-001001.png,Irrelevant cell,16
293,data_old/output_image/S1/Plate_03/Testing/013015-4-001001.png,Uninfected cell,52
294,data_old/output_image/S1/Plate_03/Testing/013015-5-001001.png,Infected cell,14
295,data_old/output_image/S1/Plate_03/Testing/013015-5-001001.png,Irrelevant cell,24
296,data_old/output_image/S1/Plate_03/Testing/013015-5-001001.png,Uninfected cell,60
297,data_old/output_image/S1/Plate_03/Testing/013018-10-001001.png,Irrelevant cell,5
298,data_old/output_image/S1/Plate_03/Testing/013018-10-001001.png,Uninfected cell,2
299,data_old/output_image/S1/Plate_03/Testing/013018-6-001001.png,Infected cell,8
300,data_old/output_image/S1/Plate_03/Testing/013018-6-001001.png,Irrelevant cell,8
301,data_old/output_image/S1/Plate_03/Testing/013018-6-001001.png,Uninfected cell,18
302,data_old/output_image/S1/Plate_03/Testing/013018-7-001001.png,Infected cell,5
303,data_old/output_image/S1/Plate_03/Testing/013018-7-001001.png,Irrelevant cell,5
304,data_old/output_image/S1/Plate_03/Testing/013018-7-001001.png,Uninfected cell,7
305,data_old/output_image/S1/Plate_03/Testing/013018-9-001001.png,Infected cell,12
306,data_old/output_image/S1/Plate_03/Testing/013018-9-001001.png,Irrelevant cell,9
307,data_old/output_image/S1/Plate_03/Testing/013018-9-001001.png,Uninfected cell,4
308,data_old/output_image/S1/Plate_04/Scramble/001003-1-001001.png,Infected cell,28
309,data_old/output_image/S1/Plate_04/Scramble/001003-1-001001.png,Irrelevant cell,30
310,data_old/output_image/S1/Plate_04/Scramble/001003-1-001001.png,Uninfected cell,62
311,data_old/output_image/S1/Plate_04/Scramble/001003-2-001001.png,Infected cell,28
312,data_old/output_image/S1/Plate_04/Scramble/001003-2-001001.png,Irrelevant cell,33
313,data_old/output_image/S1/Plate_04/Scramble/001003-2-001001.png,Uninfected cell,62
314,data_old/output_image/S1/Plate_04/Scramble/001003-3-001001.png,Infected cell,19
315,data_old/output_image/S1/Plate_04/Scramble/001003-3-001001.png,Irrelevant cell,36
316,data_old/output_image/S1/Plate_04/Scramble/001003-3-001001.png,Uninfected cell,94
317,data_old/output_image/S1/Plate_04/Scramble/001003-5-001001.png,Infected cell,20
318,data_old/output_image/S1/Plate_04/Scramble/001003-5-001001.png,Irrelevant cell,47
319,data_old/output_image/S1/Plate_04/Scramble/001003-5-001001.png,Uninfected cell,131
320,data_old/output_image/S1/Plate_04/Scramble/001022-1-001001.png,Infected cell,23
321,data_old/output_image/S1/Plate_04/Scramble/001022-1-001001.png,Irrelevant cell,23
322,data_old/output_image/S1/Plate_04/Scramble/001022-1-001001.png,Uninfected cell,33
323,data_old/output_image/S1/Plate_04/Scramble/001022-3-001001.png,Infected cell,24
324,data_old/output_image/S1/Plate_04/Scramble/001022-3-001001.png,Irrelevant cell,32
325,data_old/output_image/S1/Plate_04/Scramble/001022-3-001001.png,Uninfected cell,43
326,data_old/output_image/S1/Plate_04/Scramble/001022-4-001001.png,Infected cell,32
327,data_old/output_image/S1/Plate_04/Scramble/001022-4-001001.png,Irrelevant cell,23
328,data_old/output_image/S1/Plate_04/Scramble/001022-4-001001.png,Uninfected cell,39
329,data_old/output_image/S1/Plate_04/Scramble/001022-5-001001.png,Infected cell,22
330,data_old/output_image/S1/Plate_04/Scramble/001022-5-001001.png,Irrelevant cell,25
331,data_old/output_image/S1/Plate_04/Scramble/001022-5-001001.png,Uninfected cell,54
332,data_old/output_image/S1/Plate_04/Scramble/008001-2-001001.png,Infected cell,12
333,data_old/output_image/S1/Plate_04/Scramble/008001-2-001001.png,Irrelevant cell,26
334,data_old/output_image/S1/Plate_04/Scramble/008001-2-001001.png,Uninfected cell,56
335,data_old/output_image/S1/Plate_04/Scramble/008001-3-001001.png,Infected cell,19
336,data_old/output_image/S1/Plate_04/Scramble/008001-3-001001.png,Irrelevant cell,33
337,data_old/output_image/S1/Plate_04/Scramble/008001-3-001001.png,Uninfected cell,68
338,data_old/output_image/S1/Plate_04/Scramble/008001-4-001001.png,Infected cell,18
339,data_old/output_image/S1/Plate_04/Scramble/008001-4-001001.png,Irrelevant cell,25
340,data_old/output_image/S1/Plate_04/Scramble/008001-4-001001.png,Uninfected cell,55
341,data_old/output_image/S1/Plate_04/Scramble/008001-5-001001.png,Infected cell,5
342,data_old/output_image/S1/Plate_04/Scramble/008001-5-001001.png,Irrelevant cell,36
343,data_old/output_image/S1/Plate_04/Scramble/008001-5-001001.png,Uninfected cell,90
344,data_old/output_image/S1/Plate_04/Scramble/008024-1-001001.png,Infected cell,21
345,data_old/output_image/S1/Plate_04/Scramble/008024-1-001001.png,Irrelevant cell,35
346,data_old/output_image/S1/Plate_04/Scramble/008024-1-001001.png,Uninfected cell,48
347,data_old/output_image/S1/Plate_04/Scramble/008024-2-001001.png,Infected cell,12
348,data_old/output_image/S1/Plate_04/Scramble/008024-2-001001.png,Irrelevant cell,34
349,data_old/output_image/S1/Plate_04/Scramble/008024-2-001001.png,Uninfected cell,60
350,data_old/output_image/S1/Plate_04/Scramble/008024-4-001001.png,Infected cell,29
351,data_old/output_image/S1/Plate_04/Scramble/008024-4-001001.png,Irrelevant cell,37
352,data_old/output_image/S1/Plate_04/Scramble/008024-4-001001.png,Uninfected cell,102
353,data_old/output_image/S1/Plate_04/Scramble/008024-5-001001.png,Infected cell,13
354,data_old/output_image/S1/Plate_04/Scramble/008024-5-001001.png,Irrelevant cell,48
355,data_old/output_image/S1/Plate_04/Scramble/008024-5-001001.png,Uninfected cell,115
356,data_old/output_image/S1/Plate_04/Scramble/011003-1-001001.png,Infected cell,19
357,data_old/output_image/S1/Plate_04/Scramble/011003-1-001001.png,Irrelevant cell,41
358,data_old/output_image/S1/Plate_04/Scramble/011003-1-001001.png,Uninfected cell,101
359,data_old/output_image/S1/Plate_04/Scramble/011003-2-001001.png,Infected cell,13
360,data_old/output_image/S1/Plate_04/Scramble/011003-2-001001.png,Irrelevant cell,42
361,data_old/output_image/S1/Plate_04/Scramble/011003-2-001001.png,Uninfected cell,92
362,data_old/output_image/S1/Plate_04/Scramble/011003-3-001001.png,Infected cell,17
363,data_old/output_image/S1/Plate_04/Scramble/011003-3-001001.png,Irrelevant cell,32
364,data_old/output_image/S1/Plate_04/Scramble/011003-3-001001.png,Uninfected cell,105
365,data_old/output_image/S1/Plate_04/Scramble/011003-5-001001.png,Infected cell,17
366,data_old/output_image/S1/Plate_04/Scramble/011003-5-001001.png,Irrelevant cell,38
367,data_old/output_image/S1/Plate_04/Scramble/011003-5-001001.png,Uninfected cell,91
368,data_old/output_image/S1/Plate_04/Scramble/011022-1-001001.png,Infected cell,12
369,data_old/output_image/S1/Plate_04/Scramble/011022-1-001001.png,Irrelevant cell,12
370,data_old/output_image/S1/Plate_04/Scramble/011022-1-001001.png,Uninfected cell,24
371,data_old/output_image/S1/Plate_04/Scramble/011022-3-001001.png,Infected cell,20
372,data_old/output_image/S1/Plate_04/Scramble/011022-3-001001.png,Irrelevant cell,32
373,data_old/output_image/S1/Plate_04/Scramble/011022-3-001001.png,Uninfected cell,77
374,data_old/output_image/S1/Plate_04/Scramble/011022-4-001001.png,Infected cell,19
375,data_old/output_image/S1/Plate_04/Scramble/011022-4-001001.png,Irrelevant cell,25
376,data_old/output_image/S1/Plate_04/Scramble/011022-4-001001.png,Uninfected cell,57
377,data_old/output_image/S1/Plate_04/Scramble/011022-5-001001.png,Infected cell,20
378,data_old/output_image/S1/Plate_04/Scramble/011022-5-001001.png,Irrelevant cell,33
379,data_old/output_image/S1/Plate_04/Scramble/011022-5-001001.png,Uninfected cell,63
380,data_old/output_image/S1/Plate_04/Testing/006009-1-001001.png,Infected cell,2
381,data_old/output_image/S1/Plate_04/Testing/006009-1-001001.png,Irrelevant cell,7
382,data_old/output_image/S1/Plate_04/Testing/006009-1-001001.png,Uninfected cell,10
383,data_old/output_image/S1/Plate_04/Testing/006009-2-001001.png,Infected cell,1
384,data_old/output_image/S1/Plate_04/Testing/006009-2-001001.png,Irrelevant cell,9
385,data_old/output_image/S1/Plate_04/Testing/006009-2-001001.png,Uninfected cell,16
386,data_old/output_image/S1/Plate_04/Testing/006009-3-001001.png,Infected cell,3
387,data_old/output_image/S1/Plate_04/Testing/006009-3-001001.png,Irrelevant cell,9
388,data_old/output_image/S1/Plate_04/Testing/006009-3-001001.png,Uninfected cell,17
389,data_old/output_image/S1/Plate_04/Testing/006009-4-001001.png,Infected cell,7
390,data_old/output_image/S1/Plate_04/Testing/006009-4-001001.png,Irrelevant cell,6
391,data_old/output_image/S1/Plate_04/Testing/006009-4-001001.png,Uninfected cell,19
392,data_old/output_image/S1/Plate_04/Testing/007010-10-001001.png,Infected cell,5
393,data_old/output_image/S1/Plate_04/Testing/007010-10-001001.png,Irrelevant cell,13
394,data_old/output_image/S1/Plate_04/Testing/007010-10-001001.png,Uninfected cell,11
395,data_old/output_image/S1/Plate_04/Testing/007010-7-001001.png,Infected cell,6
396,data_old/output_image/S1/Plate_04/Testing/007010-7-001001.png,Irrelevant cell,3
397,data_old/output_image/S1/Plate_04/Testing/007010-7-001001.png,Uninfected cell,10
398,data_old/output_image/S1/Plate_04/Testing/007010-8-001001.png,Infected cell,3
399,data_old/output_image/S1/Plate_04/Testing/007010-8-001001.png,Irrelevant cell,10
400,data_old/output_image/S1/Plate_04/Testing/007010-8-001001.png,Uninfected cell,8
401,data_old/output_image/S1/Plate_04/Testing/007010-9-001001.png,Infected cell,9
402,data_old/output_image/S1/Plate_04/Testing/007010-9-001001.png,Irrelevant cell,4
403,data_old/output_image/S1/Plate_04/Testing/007010-9-001001.png,Uninfected cell,13
404,data_old/output_image/S1/Plate_04/Testing/007011-1-001001.png,Infected cell,17
405,data_old/output_image/S1/Plate_04/Testing/007011-1-001001.png,Irrelevant cell,10
406,data_old/output_image/S1/Plate_04/Testing/007011-1-001001.png,Uninfected cell,18
407,data_old/output_image/S1/Plate_04/Testing/007011-10-001001.png,Infected cell,11
408,data_old/output_image/S1/Plate_04/Testing/007011-10-001001.png,Irrelevant cell,12
409,data_old/output_image/S1/Plate_04/Testing/007011-10-001001.png,Uninfected cell,26
410,data_old/output_image/S1/Plate_04/Testing/007011-2-001001.png,Infected cell,16
411,data_old/output_image/S1/Plate_04/Testing/007011-2-001001.png,Irrelevant cell,21
412,data_old/output_image/S1/Plate_04/Testing/007011-2-001001.png,Uninfected cell,33
413,data_old/output_image/S1/Plate_04/Testing/007011-3-001001.png,Infected cell,17
414,data_old/output_image/S1/Plate_04/Testing/007011-3-001001.png,Irrelevant cell,21
415,data_old/output_image/S1/Plate_04/Testing/007011-3-001001.png,Uninfected cell,25
416,data_old/output_image/S1/Plate_04/Testing/007012-2-001001.png,Infected cell,11
417,data_old/output_image/S1/Plate_04/Testing/007012-2-001001.png,Irrelevant cell,11
418,data_old/output_image/S1/Plate_04/Testing/007012-2-001001.png,Uninfected cell,47
419,data_old/output_image/S1/Plate_04/Testing/007012-3-001001.png,Infected cell,17
420,data_old/output_image/S1/Plate_04/Testing/007012-3-001001.png,Irrelevant cell,11
421,data_old/output_image/S1/Plate_04/Testing/007012-3-001001.png,Uninfected cell,20
422,data_old/output_image/S1/Plate_04/Testing/007012-4-001001.png,Infected cell,16
423,data_old/output_image/S1/Plate_04/Testing/007012-4-001001.png,Irrelevant cell,10
424,data_old/output_image/S1/Plate_04/Testing/007012-4-001001.png,Uninfected cell,16
425,data_old/output_image/S1/Plate_04/Testing/007012-5-001001.png,Infected cell,11
426,data_old/output_image/S1/Plate_04/Testing/007012-5-001001.png,Irrelevant cell,8
427,data_old/output_image/S1/Plate_04/Testing/007012-5-001001.png,Uninfected cell,12
428,data_old/output_image/S1/Plate_04/Testing/007013-10-001001.png,Infected cell,13
429,data_old/output_image/S1/Plate_04/Testing/007013-10-001001.png,Irrelevant cell,21
430,data_old/output_image/S1/Plate_04/Testing/007013-10-001001.png,Uninfected cell,11
431,data_old/output_image/S1/Plate_04/Testing/007013-6-001001.png,Infected cell,8
432,data_old/output_image/S1/Plate_04/Testing/007013-6-001001.png,Irrelevant cell,18
433,data_old/output_image/S1/Plate_04/Testing/007013-6-001001.png,Uninfected cell,15
434,data_old/output_image/S1/Plate_04/Testing/007013-7-001001.png,Infected cell,4
435,data_old/output_image/S1/Plate_04/Testing/007013-7-001001.png,Irrelevant cell,2
436,data_old/output_image/S1/Plate_04/Testing/007013-7-001001.png,Uninfected cell,7
437,data_old/output_image/S1/Plate_04/Testing/007013-9-001001.png,Infected cell,5
438,data_old/output_image/S1/Plate_04/Testing/007013-9-001001.png,Irrelevant cell,15
439,data_old/output_image/S1/Plate_04/Testing/007013-9-001001.png,Uninfected cell,11
440,data_old/output_image/S1/Plate_04/Testing/007015-2-001001.png,Infected cell,22
441,data_old/output_image/S1/Plate_04/Testing/007015-2-001001.png,Irrelevant cell,15
442,data_old/output_image/S1/Plate_04/Testing/007015-2-001001.png,Uninfected cell,29
443,data_old/output_image/S1/Plate_04/Testing/007015-3-001001.png,Infected cell,11
444,data_old/output_image/S1/Plate_04/Testing/007015-3-001001.png,Irrelevant cell,15
445,data_old/output_image/S1/Plate_04/Testing/007015-3-001001.png,Uninfected cell,16
446,data_old/output_image/S1/Plate_04/Testing/007015-4-001001.png,Infected cell,8
447,data_old/output_image/S1/Plate_04/Testing/007015-4-001001.png,Irrelevant cell,10
448,data_old/output_image/S1/Plate_04/Testing/007015-4-001001.png,Uninfected cell,5
449,data_old/output_image/S1/Plate_04/Testing/007015-5-001001.png,Infected cell,5
450,data_old/output_image/S1/Plate_04/Testing/007015-5-001001.png,Irrelevant cell,19
451,data_old/output_image/S1/Plate_04/Testing/007015-5-001001.png,Uninfected cell,25
452,data_old/output_image/S1/Plate_04/Testing/007021-10-001001.png,Infected cell,14
453,data_old/output_image/S1/Plate_04/Testing/007021-10-001001.png,Irrelevant cell,19
454,data_old/output_image/S1/Plate_04/Testing/007021-10-001001.png,Uninfected cell,41
455,data_old/output_image/S1/Plate_04/Testing/007021-5-001001.png,Infected cell,15
456,data_old/output_image/S1/Plate_04/Testing/007021-5-001001.png,Irrelevant cell,24
457,data_old/output_image/S1/Plate_04/Testing/007021-5-001001.png,Uninfected cell,53
458,data_old/output_image/S1/Plate_04/Testing/007021-6-001001.png,Infected cell,5
459,data_old/output_image/S1/Plate_04/Testing/007021-6-001001.png,Irrelevant cell,22
460,data_old/output_image/S1/Plate_04/Testing/007021-6-001001.png,Uninfected cell,28
461,data_old/output_image/S1/Plate_04/Testing/007021-9-001001.png,Infected cell,9
462,data_old/output_image/S1/Plate_04/Testing/007021-9-001001.png,Irrelevant cell,14
463,data_old/output_image/S1/Plate_04/Testing/007021-9-001001.png,Uninfected cell,16
464,data_old/output_image/S1/Plate_04/Testing/007023-1-001001.png,Infected cell,12
465,data_old/output_image/S1/Plate_04/Testing/007023-1-001001.png,Irrelevant cell,30
466,data_old/output_image/S1/Plate_04/Testing/007023-1-001001.png,Uninfected cell,27
467,data_old/output_image/S1/Plate_04/Testing/007023-2-001001.png,Infected cell,9
468,data_old/output_image/S1/Plate_04/Testing/007023-2-001001.png,Irrelevant cell,13
469,data_old/output_image/S1/Plate_04/Testing/007023-2-001001.png,Uninfected cell,44
470,data_old/output_image/S1/Plate_04/Testing/007023-3-001001.png,Infected cell,9
471,data_old/output_image/S1/Plate_04/Testing/007023-3-001001.png,Irrelevant cell,18
472,data_old/output_image/S1/Plate_04/Testing/007023-3-001001.png,Uninfected cell,21
473,data_old/output_image/S1/Plate_04/Testing/007023-4-001001.png,Infected cell,15
474,data_old/output_image/S1/Plate_04/Testing/007023-4-001001.png,Irrelevant cell,18
475,data_old/output_image/S1/Plate_04/Testing/007023-4-001001.png,Uninfected cell,45
476,data_old/output_image/S1/Plate_04/Testing/008002-10-001001.png,Infected cell,21
477,data_old/output_image/S1/Plate_04/Testing/008002-10-001001.png,Irrelevant cell,36
478,data_old/output_image/S1/Plate_04/Testing/008002-10-001001.png,Uninfected cell,51
479,data_old/output_image/S1/Plate_04/Testing/008002-7-001001.png,Infected cell,21
480,data_old/output_image/S1/Plate_04/Testing/008002-7-001001.png,Irrelevant cell,26
481,data_old/output_image/S1/Plate_04/Testing/008002-7-001001.png,Uninfected cell,58
482,data_old/output_image/S1/Plate_04/Testing/008002-8-001001.png,Infected cell,23
483,data_old/output_image/S1/Plate_04/Testing/008002-8-001001.png,Irrelevant cell,36
484,data_old/output_image/S1/Plate_04/Testing/008002-8-001001.png,Uninfected cell,81
485,data_old/output_image/S1/Plate_04/Testing/008002-9-001001.png,Infected cell,25
486,data_old/output_image/S1/Plate_04/Testing/008002-9-001001.png,Irrelevant cell,31
487,data_old/output_image/S1/Plate_04/Testing/008002-9-001001.png,Uninfected cell,48
488,data_old/output_image/S1/Plate_04/Testing/008005-10-001001.png,Infected cell,15
489,data_old/output_image/S1/Plate_04/Testing/008005-10-001001.png,Irrelevant cell,21
490,data_old/output_image/S1/Plate_04/Testing/008005-10-001001.png,Uninfected cell,59
491,data_old/output_image/S1/Plate_04/Testing/008005-6-001001.png,Infected cell,17
492,data_old/output_image/S1/Plate_04/Testing/008005-6-001001.png,Irrelevant cell,31
493,data_old/output_image/S1/Plate_04/Testing/008005-6-001001.png,Uninfected cell,74
494,data_old/output_image/S1/Plate_04/Testing/008005-7-001001.png,Infected cell,15
495,data_old/output_image/S1/Plate_04/Testing/008005-7-001001.png,Irrelevant cell,27
496,data_old/output_image/S1/Plate_04/Testing/008005-7-001001.png,Uninfected cell,59
497,data_old/output_image/S1/Plate_04/Testing/008005-8-001001.png,Infected cell,11
498,data_old/output_image/S1/Plate_04/Testing/008005-8-001001.png,Irrelevant cell,30
499,data_old/output_image/S1/Plate_04/Testing/008005-8-001001.png,Uninfected cell,78
500,data_old/output_image/S1/Plate_04/Testing/008007-1-001001.png,Infected cell,4
501,data_old/output_image/S1/Plate_04/Testing/008007-1-001001.png,Irrelevant cell,9
502,data_old/output_image/S1/Plate_04/Testing/008007-1-001001.png,Uninfected cell,25
503,data_old/output_image/S1/Plate_04/Testing/008007-2-001001.png,Infected cell,7
504,data_old/output_image/S1/Plate_04/Testing/008007-2-001001.png,Irrelevant cell,15
505,data_old/output_image/S1/Plate_04/Testing/008007-2-001001.png,Uninfected cell,24
506,data_old/output_image/S1/Plate_04/Testing/008007-3-001001.png,Infected cell,8
507,data_old/output_image/S1/Plate_04/Testing/008007-3-001001.png,Irrelevant cell,5
508,data_old/output_image/S1/Plate_04/Testing/008007-3-001001.png,Uninfected cell,7
509,data_old/output_image/S1/Plate_04/Testing/008007-5-001001.png,Irrelevant cell,4
510,data_old/output_image/S1/Plate_04/Testing/008007-5-001001.png,Uninfected cell,10
511,data_old/output_image/S1/Plate_04/Testing/008009-10-001001.png,Infected cell,9
512,data_old/output_image/S1/Plate_04/Testing/008009-10-001001.png,Irrelevant cell,10
513,data_old/output_image/S1/Plate_04/Testing/008009-10-001001.png,Uninfected cell,42
514,data_old/output_image/S1/Plate_04/Testing/008009-6-001001.png,Infected cell,10
515,data_old/output_image/S1/Plate_04/Testing/008009-6-001001.png,Irrelevant cell,16
516,data_old/output_image/S1/Plate_04/Testing/008009-6-001001.png,Uninfected cell,32
517,data_old/output_image/S1/Plate_04/Testing/008009-8-001001.png,Infected cell,10
518,data_old/output_image/S1/Plate_04/Testing/008009-8-001001.png,Irrelevant cell,13
519,data_old/output_image/S1/Plate_04/Testing/008009-8-001001.png,Uninfected cell,17
520,data_old/output_image/S1/Plate_04/Testing/008009-9-001001.png,Infected cell,11
521,data_old/output_image/S1/Plate_04/Testing/008009-9-001001.png,Irrelevant cell,15
522,data_old/output_image/S1/Plate_04/Testing/008009-9-001001.png,Uninfected cell,31
523,data_old/output_image/S1/Plate_04/Testing/008010-10-001001.png,Infected cell,9
524,data_old/output_image/S1/Plate_04/Testing/008010-10-001001.png,Irrelevant cell,21
525,data_old/output_image/S1/Plate_04/Testing/008010-10-001001.png,Uninfected cell,75
526,data_old/output_image/S1/Plate_04/Testing/008010-6-001001.png,Infected cell,8
527,data_old/output_image/S1/Plate_04/Testing/008010-6-001001.png,Irrelevant cell,31
528,data_old/output_image/S1/Plate_04/Testing/008010-6-001001.png,Uninfected cell,54
529,data_old/output_image/S1/Plate_04/Testing/008010-7-001001.png,Infected cell,7
530,data_old/output_image/S1/Plate_04/Testing/008010-7-001001.png,Irrelevant cell,21
531,data_old/output_image/S1/Plate_04/Testing/008010-7-001001.png,Uninfected cell,49
532,data_old/output_image/S1/Plate_04/Testing/008010-9-001001.png,Infected cell,7
533,data_old/output_image/S1/Plate_04/Testing/008010-9-001001.png,Irrelevant cell,22
534,data_old/output_image/S1/Plate_04/Testing/008010-9-001001.png,Uninfected cell,45
535,data_old/output_image/S1/Plate_04/Testing/008012-1-001001.png,Infected cell,12
536,data_old/output_image/S1/Plate_04/Testing/008012-1-001001.png,Irrelevant cell,31
537,data_old/output_image/S1/Plate_04/Testing/008012-1-001001.png,Uninfected cell,44
538,data_old/output_image/S1/Plate_04/Testing/008012-2-001001.png,Infected cell,12
539,data_old/output_image/S1/Plate_04/Testing/008012-2-001001.png,Irrelevant cell,24
540,data_old/output_image/S1/Plate_04/Testing/008012-2-001001.png,Uninfected cell,29
541,data_old/output_image/S1/Plate_04/Testing/008012-4-001001.png,Infected cell,11
542,data_old/output_image/S1/Plate_04/Testing/008012-4-001001.png,Irrelevant cell,24
543,data_old/output_image/S1/Plate_04/Testing/008012-4-001001.png,Uninfected cell,40
544,data_old/output_image/S1/Plate_04/Testing/008012-5-001001.png,Infected cell,15
545,data_old/output_image/S1/Plate_04/Testing/008012-5-001001.png,Irrelevant cell,14
546,data_old/output_image/S1/Plate_04/Testing/008012-5-001001.png,Uninfected cell,28
547,data_old/output_image/S1/Plate_04/Testing/008013-10-001001.png,Infected cell,10
548,data_old/output_image/S1/Plate_04/Testing/008013-10-001001.png,Irrelevant cell,12
549,data_old/output_image/S1/Plate_04/Testing/008013-10-001001.png,Uninfected cell,25
550,data_old/output_image/S1/Plate_04/Testing/008013-6-001001.png,Infected cell,7
551,data_old/output_image/S1/Plate_04/Testing/008013-6-001001.png,Irrelevant cell,15
552,data_old/output_image/S1/Plate_04/Testing/008013-6-001001.png,Uninfected cell,26
553,data_old/output_image/S1/Plate_04/Testing/008013-7-001001.png,Infected cell,4
554,data_old/output_image/S1/Plate_04/Testing/008013-7-001001.png,Irrelevant cell,15
555,data_old/output_image/S1/Plate_04/Testing/008013-7-001001.png,Uninfected cell,16
556,data_old/output_image/S1/Plate_04/Testing/008013-8-001001.png,Infected cell,5
557,data_old/output_image/S1/Plate_04/Testing/008013-8-001001.png,Irrelevant cell,10
558,data_old/output_image/S1/Plate_04/Testing/008013-8-001001.png,Uninfected cell,9
559,data_old/output_image/S1/Plate_04/Testing/010016-1-001001.png,Infected cell,21
560,data_old/output_image/S1/Plate_04/Testing/010016-1-001001.png,Irrelevant cell,18
561,data_old/output_image/S1/Plate_04/Testing/010016-1-001001.png,Uninfected cell,21
562,data_old/output_image/S1/Plate_04/Testing/010016-3-001001.png,Infected cell,11
563,data_old/output_image/S1/Plate_04/Testing/010016-3-001001.png,Irrelevant cell,14
564,data_old/output_image/S1/Plate_04/Testing/010016-3-001001.png,Uninfected cell,27
565,data_old/output_image/S1/Plate_04/Testing/010016-4-001001.png,Infected cell,7
566,data_old/output_image/S1/Plate_04/Testing/010016-4-001001.png,Irrelevant cell,19
567,data_old/output_image/S1/Plate_04/Testing/010016-4-001001.png,Uninfected cell,23
568,data_old/output_image/S1/Plate_04/Testing/010016-5-001001.png,Infected cell,12
569,data_old/output_image/S1/Plate_04/Testing/010016-5-001001.png,Irrelevant cell,29
570,data_old/output_image/S1/Plate_04/Testing/010016-5-001001.png,Uninfected cell,34
571,data_old/output_image/S1/Plate_04/Testing/011012-6-001001.png,Infected cell,2
572,data_old/output_image/S1/Plate_04/Testing/011012-6-001001.png,Irrelevant cell,13
573,data_old/output_image/S1/Plate_04/Testing/011012-6-001001.png,Uninfected cell,21
574,data_old/output_image/S1/Plate_04/Testing/011012-7-001001.png,Infected cell,10
575,data_old/output_image/S1/Plate_04/Testing/011012-7-001001.png,Irrelevant cell,9
576,data_old/output_image/S1/Plate_04/Testing/011012-7-001001.png,Uninfected cell,20
577,data_old/output_image/S1/Plate_04/Testing/011012-8-001001.png,Infected cell,11
578,data_old/output_image/S1/Plate_04/Testing/011012-8-001001.png,Irrelevant cell,26
579,data_old/output_image/S1/Plate_04/Testing/011012-8-001001.png,Uninfected cell,37
580,data_old/output_image/S1/Plate_04/Testing/011012-9-001001.png,Infected cell,10
581,data_old/output_image/S1/Plate_04/Testing/011012-9-001001.png,Irrelevant cell,18
582,data_old/output_image/S1/Plate_04/Testing/011012-9-001001.png,Uninfected cell,33
583,data_old/output_image/S1/Plate_04/Testing/013005-1-001001.png,Infected cell,6
584,data_old/output_image/S1/Plate_04/Testing/013005-1-001001.png,Irrelevant cell,6
585,data_old/output_image/S1/Plate_04/Testing/013005-1-001001.png,Uninfected cell,8
586,data_old/output_image/S1/Plate_04/Testing/013005-3-001001.png,Irrelevant cell,10
587,data_old/output_image/S1/Plate_04/Testing/013005-3-001001.png,Uninfected cell,29
588,data_old/output_image/S1/Plate_04/Testing/013005-4-001001.png,Infected cell,4
589,data_old/output_image/S1/Plate_04/Testing/013005-4-001001.png,Irrelevant cell,5
590,data_old/output_image/S1/Plate_04/Testing/013005-4-001001.png,Uninfected cell,5
591,data_old/output_image/S1/Plate_04/Testing/013005-5-001001.png,Infected cell,8
592,data_old/output_image/S1/Plate_04/Testing/013005-5-001001.png,Irrelevant cell,11
593,data_old/output_image/S1/Plate_04/Testing/013005-5-001001.png,Uninfected cell,7
594,data_old/output_image/S1/Plate_04/Testing/014015-10-001001.png,Infected cell,5
595,data_old/output_image/S1/Plate_04/Testing/014015-10-001001.png,Uninfected cell,1
596,data_old/output_image/S1/Plate_04/Testing/014015-7-001001.png,Infected cell,2
597,data_old/output_image/S1/Plate_04/Testing/014015-8-001001.png,Infected cell,1
598,data_old/output_image/S1/Plate_04/Testing/014015-8-001001.png,Irrelevant cell,4
599,data_old/output_image/S1/Plate_04/Testing/014015-8-001001.png,Uninfected cell,2
600,data_old/output_image/S1/Plate_04/Testing/014015-9-001001.png,Infected cell,5
601,data_old/output_image/S1/Plate_04/Testing/014015-9-001001.png,Irrelevant cell,1
602,data_old/output_image/S1/Plate_04/Testing/014015-9-001001.png,Uninfected cell,2
603,data_old/output_image/S1/Plate_04/Testing/016007-1-001001.png,Infected cell,15
604,data_old/output_image/S1/Plate_04/Testing/016007-1-001001.png,Irrelevant cell,11
605,data_old/output_image/S1/Plate_04/Testing/016007-1-001001.png,Uninfected cell,37
606,data_old/output_image/S1/Plate_04/Testing/016007-3-001001.png,Infected cell,10
607,data_old/output_image/S1/Plate_04/Testing/016007-3-001001.png,Irrelevant cell,20
608,data_old/output_image/S1/Plate_04/Testing/016007-3-001001.png,Uninfected cell,31
609,data_old/output_image/S1/Plate_04/Testing/016007-4-001001.png,Infected cell,5
610,data_old/output_image/S1/Plate_04/Testing/016007-4-001001.png,Irrelevant cell,8
611,data_old/output_image/S1/Plate_04/Testing/016007-4-001001.png,Uninfected cell,10
612,data_old/output_image/S1/Plate_04/Testing/016007-5-001001.png,Infected cell,11
613,data_old/output_image/S1/Plate_04/Testing/016007-5-001001.png,Irrelevant cell,11
614,data_old/output_image/S1/Plate_04/Testing/016007-5-001001.png,Uninfected cell,11
615,data_old/output_image/S1/Plate_07/Scramble/001003-1-001001.png,Infected cell,8
616,data_old/output_image/S1/Plate_07/Scramble/001003-1-001001.png,Irrelevant cell,37
617,data_old/output_image/S1/Plate_07/Scramble/001003-1-001001.png,Uninfected cell,108
618,data_old/output_image/S1/Plate_07/Scramble/001003-2-001001.png,Infected cell,15
619,data_old/output_image/S1/Plate_07/Scramble/001003-2-001001.png,Irrelevant cell,36
620,data_old/output_image/S1/Plate_07/Scramble/001003-2-001001.png,Uninfected cell,85
621,data_old/output_image/S1/Plate_07/Scramble/001003-4-001001.png,Infected cell,11
622,data_old/output_image/S1/Plate_07/Scramble/001003-4-001001.png,Irrelevant cell,43
623,data_old/output_image/S1/Plate_07/Scramble/001003-4-001001.png,Uninfected cell,94
624,data_old/output_image/S1/Plate_07/Scramble/001003-5-001001.png,Infected cell,19
625,data_old/output_image/S1/Plate_07/Scramble/001003-5-001001.png,Irrelevant cell,38
626,data_old/output_image/S1/Plate_07/Scramble/001003-5-001001.png,Uninfected cell,77
627,data_old/output_image/S1/Plate_07/Scramble/001022-1-001001.png,Infected cell,9
628,data_old/output_image/S1/Plate_07/Scramble/001022-1-001001.png,Irrelevant cell,23
629,data_old/output_image/S1/Plate_07/Scramble/001022-1-001001.png,Uninfected cell,51
630,data_old/output_image/S1/Plate_07/Scramble/001022-10-001001.png,Infected cell,7
631,data_old/output_image/S1/Plate_07/Scramble/001022-10-001001.png,Irrelevant cell,35
632,data_old/output_image/S1/Plate_07/Scramble/001022-10-001001.png,Uninfected cell,67
633,data_old/output_image/S1/Plate_07/Scramble/001022-5-001001.png,Infected cell,10
634,data_old/output_image/S1/Plate_07/Scramble/001022-5-001001.png,Irrelevant cell,30
635,data_old/output_image/S1/Plate_07/Scramble/001022-5-001001.png,Uninfected cell,71
636,data_old/output_image/S1/Plate_07/Scramble/001022-9-001001.png,Infected cell,9
637,data_old/output_image/S1/Plate_07/Scramble/001022-9-001001.png,Irrelevant cell,34
638,data_old/output_image/S1/Plate_07/Scramble/001022-9-001001.png,Uninfected cell,75
639,data_old/output_image/S1/Plate_07/Scramble/008001-1-001001.png,Infected cell,13
640,data_old/output_image/S1/Plate_07/Scramble/008001-1-001001.png,Irrelevant cell,30
641,data_old/output_image/S1/Plate_07/Scramble/008001-1-001001.png,Uninfected cell,63
642,data_old/output_image/S1/Plate_07/Scramble/008001-10-001001.png,Infected cell,12
643,data_old/output_image/S1/Plate_07/Scramble/008001-10-001001.png,Irrelevant cell,33
644,data_old/output_image/S1/Plate_07/Scramble/008001-10-001001.png,Uninfected cell,80
645,data_old/output_image/S1/Plate_07/Scramble/008001-11-001001.png,Infected cell,11
646,data_old/output_image/S1/Plate_07/Scramble/008001-11-001001.png,Irrelevant cell,33
647,data_old/output_image/S1/Plate_07/Scramble/008001-11-001001.png,Uninfected cell,77
648,data_old/output_image/S1/Plate_07/Scramble/008001-5-001001.png,Infected cell,8
649,data_old/output_image/S1/Plate_07/Scramble/008001-5-001001.png,Irrelevant cell,36
650,data_old/output_image/S1/Plate_07/Scramble/008001-5-001001.png,Uninfected cell,77
651,data_old/output_image/S1/Plate_07/Scramble/008024-1-001001.png,Infected cell,8
652,data_old/output_image/S1/Plate_07/Scramble/008024-1-001001.png,Irrelevant cell,36
653,data_old/output_image/S1/Plate_07/Scramble/008024-1-001001.png,Uninfected cell,82
654,data_old/output_image/S1/Plate_07/Scramble/008024-4-001001.png,Infected cell,9
655,data_old/output_image/S1/Plate_07/Scramble/008024-4-001001.png,Irrelevant cell,37
656,data_old/output_image/S1/Plate_07/Scramble/008024-4-001001.png,Uninfected cell,77
657,data_old/output_image/S1/Plate_07/Scramble/008024-5-001001.png,Infected cell,8
658,data_old/output_image/S1/Plate_07/Scramble/008024-5-001001.png,Irrelevant cell,36
659,data_old/output_image/S1/Plate_07/Scramble/008024-5-001001.png,Uninfected cell,91
660,data_old/output_image/S1/Plate_07/Scramble/008024-9-001001.png,Infected cell,11
661,data_old/output_image/S1/Plate_07/Scramble/008024-9-001001.png,Irrelevant cell,33
662,data_old/output_image/S1/Plate_07/Scramble/008024-9-001001.png,Uninfected cell,90
663,data_old/output_image/S1/Plate_07/Scramble/011003-10-001001.png,Infected cell,6
664,data_old/output_image/S1/Plate_07/Scramble/011003-10-001001.png,Irrelevant cell,25
665,data_old/output_image/S1/Plate_07/Scramble/011003-10-001001.png,Uninfected cell,64
666,data_old/output_image/S1/Plate_07/Scramble/011003-11-001001.png,Infected cell,15
667,data_old/output_image/S1/Plate_07/Scramble/011003-11-001001.png,Irrelevant cell,32
668,data_old/output_image/S1/Plate_07/Scramble/011003-11-001001.png,Uninfected cell,49
669,data_old/output_image/S1/Plate_07/Scramble/011003-2-001001.png,Infected cell,13
670,data_old/output_image/S1/Plate_07/Scramble/011003-2-001001.png,Irrelevant cell,31
671,data_old/output_image/S1/Plate_07/Scramble/011003-2-001001.png,Uninfected cell,64
672,data_old/output_image/S1/Plate_07/Scramble/011003-5-001001.png,Infected cell,6
673,data_old/output_image/S1/Plate_07/Scramble/011003-5-001001.png,Irrelevant cell,33
674,data_old/output_image/S1/Plate_07/Scramble/011003-5-001001.png,Uninfected cell,65
675,data_old/output_image/S1/Plate_07/Scramble/011022-1-001001.png,Infected cell,19
676,data_old/output_image/S1/Plate_07/Scramble/011022-1-001001.png,Irrelevant cell,37
677,data_old/output_image/S1/Plate_07/Scramble/011022-1-001001.png,Uninfected cell,60
678,data_old/output_image/S1/Plate_07/Scramble/011022-10-001001.png,Infected cell,11
679,data_old/output_image/S1/Plate_07/Scramble/011022-10-001001.png,Irrelevant cell,42
680,data_old/output_image/S1/Plate_07/Scramble/011022-10-001001.png,Uninfected cell,75
681,data_old/output_image/S1/Plate_07/Scramble/011022-5-001001.png,Infected cell,14
682,data_old/output_image/S1/Plate_07/Scramble/011022-5-001001.png,Irrelevant cell,39
683,data_old/output_image/S1/Plate_07/Scramble/011022-5-001001.png,Uninfected cell,83
684,data_old/output_image/S1/Plate_07/Scramble/011022-6-001001.png,Infected cell,17
685,data_old/output_image/S1/Plate_07/Scramble/011022-6-001001.png,Irrelevant cell,31
686,data_old/output_image/S1/Plate_07/Scramble/011022-6-001001.png,Uninfected cell,76
687,data_old/output_image/S1/Plate_07/Testing/001004-10-001001.png,Infected cell,8
688,data_old/output_image/S1/Plate_07/Testing/001004-10-001001.png,Irrelevant cell,18
689,data_old/output_image/S1/Plate_07/Testing/001004-10-001001.png,Uninfected cell,26
690,data_old/output_image/S1/Plate_07/Testing/001004-11-001001.png,Infected cell,2
691,data_old/output_image/S1/Plate_07/Testing/001004-11-001001.png,Irrelevant cell,29
692,data_old/output_image/S1/Plate_07/Testing/001004-11-001001.png,Uninfected cell,58
693,data_old/output_image/S1/Plate_07/Testing/001004-8-001001.png,Infected cell,11
694,data_old/output_image/S1/Plate_07/Testing/001004-8-001001.png,Irrelevant cell,19
695,data_old/output_image/S1/Plate_07/Testing/001004-8-001001.png,Uninfected cell,28
696,data_old/output_image/S1/Plate_07/Testing/001004-9-001001.png,Infected cell,11
697,data_old/output_image/S1/Plate_07/Testing/001004-9-001001.png,Irrelevant cell,29
698,data_old/output_image/S1/Plate_07/Testing/001004-9-001001.png,Uninfected cell,62
699,data_old/output_image/S1/Plate_07/Testing/001014-1-001001.png,Infected cell,3
700,data_old/output_image/S1/Plate_07/Testing/001014-1-001001.png,Irrelevant cell,15
701,data_old/output_image/S1/Plate_07/Testing/001014-1-001001.png,Uninfected cell,12
702,data_old/output_image/S1/Plate_07/Testing/001014-2-001001.png,Infected cell,13
703,data_old/output_image/S1/Plate_07/Testing/001014-2-001001.png,Irrelevant cell,11
704,data_old/output_image/S1/Plate_07/Testing/001014-2-001001.png,Uninfected cell,12
705,data_old/output_image/S1/Plate_07/Testing/001014-3-001001.png,Infected cell,8
706,data_old/output_image/S1/Plate_07/Testing/001014-3-001001.png,Irrelevant cell,10
707,data_old/output_image/S1/Plate_07/Testing/001014-3-001001.png,Uninfected cell,19
708,data_old/output_image/S1/Plate_07/Testing/001014-9-001001.png,Infected cell,5
709,data_old/output_image/S1/Plate_07/Testing/001014-9-001001.png,Irrelevant cell,10
710,data_old/output_image/S1/Plate_07/Testing/001014-9-001001.png,Uninfected cell,2
711,data_old/output_image/S1/Plate_07/Testing/002013-1-001001.png,Infected cell,25
712,data_old/output_image/S1/Plate_07/Testing/002013-1-001001.png,Irrelevant cell,27
713,data_old/output_image/S1/Plate_07/Testing/002013-1-001001.png,Uninfected cell,42
714,data_old/output_image/S1/Plate_07/Testing/002013-3-001001.png,Infected cell,23
715,data_old/output_image/S1/Plate_07/Testing/002013-3-001001.png,Irrelevant cell,18
716,data_old/output_image/S1/Plate_07/Testing/002013-3-001001.png,Uninfected cell,43
717,data_old/output_image/S1/Plate_07/Testing/002013-4-001001.png,Infected cell,15
718,data_old/output_image/S1/Plate_07/Testing/002013-4-001001.png,Irrelevant cell,23
719,data_old/output_image/S1/Plate_07/Testing/002013-4-001001.png,Uninfected cell,70
720,data_old/output_image/S1/Plate_07/Testing/002013-5-001001.png,Infected cell,21
721,data_old/output_image/S1/Plate_07/Testing/002013-5-001001.png,Irrelevant cell,21
722,data_old/output_image/S1/Plate_07/Testing/002013-5-001001.png,Uninfected cell,13
723,data_old/output_image/S1/Plate_07/Testing/002014-1-001001.png,Infected cell,9
724,data_old/output_image/S1/Plate_07/Testing/002014-1-001001.png,Irrelevant cell,30
725,data_old/output_image/S1/Plate_07/Testing/002014-1-001001.png,Uninfected cell,83
726,data_old/output_image/S1/Plate_07/Testing/002014-2-001001.png,Infected cell,9
727,data_old/output_image/S1/Plate_07/Testing/002014-2-001001.png,Irrelevant cell,27
728,data_old/output_image/S1/Plate_07/Testing/002014-2-001001.png,Uninfected cell,71
729,data_old/output_image/S1/Plate_07/Testing/002014-3-001001.png,Infected cell,8
730,data_old/output_image/S1/Plate_07/Testing/002014-3-001001.png,Irrelevant cell,23
731,data_old/output_image/S1/Plate_07/Testing/002014-3-001001.png,Uninfected cell,45
732,data_old/output_image/S1/Plate_07/Testing/002014-5-001001.png,Infected cell,12
733,data_old/output_image/S1/Plate_07/Testing/002014-5-001001.png,Irrelevant cell,37
734,data_old/output_image/S1/Plate_07/Testing/002014-5-001001.png,Uninfected cell,63
735,data_old/output_image/S1/Plate_07/Testing/002015-2-001001.png,Infected cell,11
736,data_old/output_image/S1/Plate_07/Testing/002015-2-001001.png,Irrelevant cell,28
737,data_old/output_image/S1/Plate_07/Testing/002015-2-001001.png,Uninfected cell,50
738,data_old/output_image/S1/Plate_07/Testing/002015-3-001001.png,Infected cell,19
739,data_old/output_image/S1/Plate_07/Testing/002015-3-001001.png,Irrelevant cell,28
740,data_old/output_image/S1/Plate_07/Testing/002015-3-001001.png,Uninfected cell,45
741,data_old/output_image/S1/Plate_07/Testing/002015-4-001001.png,Infected cell,16
742,data_old/output_image/S1/Plate_07/Testing/002015-4-001001.png,Irrelevant cell,28
743,data_old/output_image/S1/Plate_07/Testing/002015-4-001001.png,Uninfected cell,52
744,data_old/output_image/S1/Plate_07/Testing/002015-5-001001.png,Infected cell,14
745,data_old/output_image/S1/Plate_07/Testing/002015-5-001001.png,Irrelevant cell,30
746,data_old/output_image/S1/Plate_07/Testing/002015-5-001001.png,Uninfected cell,47
747,data_old/output_image/S1/Plate_07/Testing/002016-10-001001.png,Infected cell,10
748,data_old/output_image/S1/Plate_07/Testing/002016-10-001001.png,Irrelevant cell,22
749,data_old/output_image/S1/Plate_07/Testing/002016-10-001001.png,Uninfected cell,25
750,data_old/output_image/S1/Plate_07/Testing/002016-6-001001.png,Infected cell,6
751,data_old/output_image/S1/Plate_07/Testing/002016-6-001001.png,Irrelevant cell,12
752,data_old/output_image/S1/Plate_07/Testing/002016-6-001001.png,Uninfected cell,43
753,data_old/output_image/S1/Plate_07/Testing/002016-8-001001.png,Infected cell,9
754,data_old/output_image/S1/Plate_07/Testing/002016-8-001001.png,Irrelevant cell,14
755,data_old/output_image/S1/Plate_07/Testing/002016-8-001001.png,Uninfected cell,22
756,data_old/output_image/S1/Plate_07/Testing/002016-9-001001.png,Infected cell,10
757,data_old/output_image/S1/Plate_07/Testing/002016-9-001001.png,Irrelevant cell,15
758,data_old/output_image/S1/Plate_07/Testing/002016-9-001001.png,Uninfected cell,41
759,data_old/output_image/S1/Plate_07/Testing/002019-4-001001.png,Infected cell,15
760,data_old/output_image/S1/Plate_07/Testing/002019-4-001001.png,Irrelevant cell,43
761,data_old/output_image/S1/Plate_07/Testing/002019-4-001001.png,Uninfected cell,89
762,data_old/output_image/S1/Plate_07/Testing/002019-5-001001.png,Infected cell,9
763,data_old/output_image/S1/Plate_07/Testing/002019-5-001001.png,Irrelevant cell,24
764,data_old/output_image/S1/Plate_07/Testing/002019-5-001001.png,Uninfected cell,69
765,data_old/output_image/S1/Plate_07/Testing/002019-7-001001.png,Infected cell,15
766,data_old/output_image/S1/Plate_07/Testing/002019-7-001001.png,Irrelevant cell,32
767,data_old/output_image/S1/Plate_07/Testing/002019-7-001001.png,Uninfected cell,91
768,data_old/output_image/S1/Plate_07/Testing/002019-8-001001.png,Infected cell,12
769,data_old/output_image/S1/Plate_07/Testing/002019-8-001001.png,Irrelevant cell,40
770,data_old/output_image/S1/Plate_07/Testing/002019-8-001001.png,Uninfected cell,93
771,data_old/output_image/S1/Plate_07/Testing/002020-11-001001.png,Infected cell,9
772,data_old/output_image/S1/Plate_07/Testing/002020-11-001001.png,Irrelevant cell,21
773,data_old/output_image/S1/Plate_07/Testing/002020-11-001001.png,Uninfected cell,50
774,data_old/output_image/S1/Plate_07/Testing/002020-12-001001.png,Infected cell,7
775,data_old/output_image/S1/Plate_07/Testing/002020-12-001001.png,Irrelevant cell,22
776,data_old/output_image/S1/Plate_07/Testing/002020-12-001001.png,Uninfected cell,54
777,data_old/output_image/S1/Plate_07/Testing/002020-8-001001.png,Infected cell,8
778,data_old/output_image/S1/Plate_07/Testing/002020-8-001001.png,Irrelevant cell,31
779,data_old/output_image/S1/Plate_07/Testing/002020-8-001001.png,Uninfected cell,60
780,data_old/output_image/S1/Plate_07/Testing/002020-9-001001.png,Infected cell,5
781,data_old/output_image/S1/Plate_07/Testing/002020-9-001001.png,Irrelevant cell,35
782,data_old/output_image/S1/Plate_07/Testing/002020-9-001001.png,Uninfected cell,50
783,data_old/output_image/S1/Plate_07/Testing/004009-10-001001.png,Infected cell,3
784,data_old/output_image/S1/Plate_07/Testing/004009-10-001001.png,Irrelevant cell,16
785,data_old/output_image/S1/Plate_07/Testing/004009-10-001001.png,Uninfected cell,32
786,data_old/output_image/S1/Plate_07/Testing/004009-11-001001.png,Infected cell,5
787,data_old/output_image/S1/Plate_07/Testing/004009-11-001001.png,Irrelevant cell,5
788,data_old/output_image/S1/Plate_07/Testing/004009-11-001001.png,Uninfected cell,14
789,data_old/output_image/S1/Plate_07/Testing/004009-12-001001.png,Infected cell,3
790,data_old/output_image/S1/Plate_07/Testing/004009-12-001001.png,Irrelevant cell,9
791,data_old/output_image/S1/Plate_07/Testing/004009-12-001001.png,Uninfected cell,17
792,data_old/output_image/S1/Plate_07/Testing/004009-9-001001.png,Infected cell,4
793,data_old/output_image/S1/Plate_07/Testing/004009-9-001001.png,Irrelevant cell,14
794,data_old/output_image/S1/Plate_07/Testing/004009-9-001001.png,Uninfected cell,14
795,data_old/output_image/S1/Plate_07/Testing/005010-1-001001.png,Infected cell,9
796,data_old/output_image/S1/Plate_07/Testing/005010-1-001001.png,Irrelevant cell,25
797,data_old/output_image/S1/Plate_07/Testing/005010-1-001001.png,Uninfected cell,22
798,data_old/output_image/S1/Plate_07/Testing/005010-2-001001.png,Infected cell,9
799,data_old/output_image/S1/Plate_07/Testing/005010-2-001001.png,Irrelevant cell,14
800,data_old/output_image/S1/Plate_07/Testing/005010-2-001001.png,Uninfected cell,16
801,data_old/output_image/S1/Plate_07/Testing/005010-3-001001.png,Infected cell,8
802,data_old/output_image/S1/Plate_07/Testing/005010-3-001001.png,Irrelevant cell,14
803,data_old/output_image/S1/Plate_07/Testing/005010-3-001001.png,Uninfected cell,16
804,data_old/output_image/S1/Plate_07/Testing/005010-4-001001.png,Infected cell,7
805,data_old/output_image/S1/Plate_07/Testing/005010-4-001001.png,Irrelevant cell,24
806,data_old/output_image/S1/Plate_07/Testing/005010-4-001001.png,Uninfected cell,36
807,data_old/output_image/S1/Plate_07/Testing/005011-11-001001.png,Infected cell,6
808,data_old/output_image/S1/Plate_07/Testing/005011-11-001001.png,Irrelevant cell,18
809,data_old/output_image/S1/Plate_07/Testing/005011-11-001001.png,Uninfected cell,24
810,data_old/output_image/S1/Plate_07/Testing/005011-7-001001.png,Infected cell,2
811,data_old/output_image/S1/Plate_07/Testing/005011-7-001001.png,Irrelevant cell,14
812,data_old/output_image/S1/Plate_07/Testing/005011-7-001001.png,Uninfected cell,31
813,data_old/output_image/S1/Plate_07/Testing/005011-8-001001.png,Infected cell,3
814,data_old/output_image/S1/Plate_07/Testing/005011-8-001001.png,Irrelevant cell,25
815,data_old/output_image/S1/Plate_07/Testing/005011-8-001001.png,Uninfected cell,31
816,data_old/output_image/S1/Plate_07/Testing/005011-9-001001.png,Infected cell,2
817,data_old/output_image/S1/Plate_07/Testing/005011-9-001001.png,Irrelevant cell,18
818,data_old/output_image/S1/Plate_07/Testing/005011-9-001001.png,Uninfected cell,37
819,data_old/output_image/S1/Plate_07/Testing/005015-1-001001.png,Infected cell,14
820,data_old/output_image/S1/Plate_07/Testing/005015-1-001001.png,Irrelevant cell,25
821,data_old/output_image/S1/Plate_07/Testing/005015-1-001001.png,Uninfected cell,34
822,data_old/output_image/S1/Plate_07/Testing/005015-11-001001.png,Infected cell,5
823,data_old/output_image/S1/Plate_07/Testing/005015-11-001001.png,Irrelevant cell,17
824,data_old/output_image/S1/Plate_07/Testing/005015-11-001001.png,Uninfected cell,43
825,data_old/output_image/S1/Plate_07/Testing/005015-12-001001.png,Infected cell,8
826,data_old/output_image/S1/Plate_07/Testing/005015-12-001001.png,Irrelevant cell,19
827,data_old/output_image/S1/Plate_07/Testing/005015-12-001001.png,Uninfected cell,30
828,data_old/output_image/S1/Plate_07/Testing/005015-3-001001.png,Infected cell,18
829,data_old/output_image/S1/Plate_07/Testing/005015-3-001001.png,Irrelevant cell,20
830,data_old/output_image/S1/Plate_07/Testing/005015-3-001001.png,Uninfected cell,39
831,data_old/output_image/S1/Plate_07/Testing/006009-12-001001.png,Infected cell,7
832,data_old/output_image/S1/Plate_07/Testing/006009-12-001001.png,Irrelevant cell,18
833,data_old/output_image/S1/Plate_07/Testing/006009-12-001001.png,Uninfected cell,21
834,data_old/output_image/S1/Plate_07/Testing/006009-2-001001.png,Infected cell,18
835,data_old/output_image/S1/Plate_07/Testing/006009-2-001001.png,Irrelevant cell,33
836,data_old/output_image/S1/Plate_07/Testing/006009-2-001001.png,Uninfected cell,46
837,data_old/output_image/S1/Plate_07/Testing/006009-3-001001.png,Infected cell,14
838,data_old/output_image/S1/Plate_07/Testing/006009-3-001001.png,Irrelevant cell,33
839,data_old/output_image/S1/Plate_07/Testing/006009-3-001001.png,Uninfected cell,61
840,data_old/output_image/S1/Plate_07/Testing/006009-4-001001.png,Infected cell,11
841,data_old/output_image/S1/Plate_07/Testing/006009-4-001001.png,Irrelevant cell,20
842,data_old/output_image/S1/Plate_07/Testing/006009-4-001001.png,Uninfected cell,30
843,data_old/output_image/S1/Plate_07/Testing/007008-2-001001.png,Infected cell,7
844,data_old/output_image/S1/Plate_07/Testing/007008-2-001001.png,Irrelevant cell,10
845,data_old/output_image/S1/Plate_07/Testing/007008-2-001001.png,Uninfected cell,7
846,data_old/output_image/S1/Plate_07/Testing/007008-3-001001.png,Infected cell,8
847,data_old/output_image/S1/Plate_07/Testing/007008-3-001001.png,Irrelevant cell,18
848,data_old/output_image/S1/Plate_07/Testing/007008-3-001001.png,Uninfected cell,17
849,data_old/output_image/S1/Plate_07/Testing/007008-4-001001.png,Infected cell,4
850,data_old/output_image/S1/Plate_07/Testing/007008-4-001001.png,Irrelevant cell,18
851,data_old/output_image/S1/Plate_07/Testing/007008-4-001001.png,Uninfected cell,36
852,data_old/output_image/S1/Plate_07/Testing/007008-5-001001.png,Infected cell,6
853,data_old/output_image/S1/Plate_07/Testing/007008-5-001001.png,Irrelevant cell,16
854,data_old/output_image/S1/Plate_07/Testing/007008-5-001001.png,Uninfected cell,12
855,data_old/output_image/S1/Plate_07/Testing/007014-2-001001.png,Infected cell,18
856,data_old/output_image/S1/Plate_07/Testing/007014-2-001001.png,Irrelevant cell,24
857,data_old/output_image/S1/Plate_07/Testing/007014-2-001001.png,Uninfected cell,18
858,data_old/output_image/S1/Plate_07/Testing/007014-3-001001.png,Infected cell,11
859,data_old/output_image/S1/Plate_07/Testing/007014-3-001001.png,Irrelevant cell,28
860,data_old/output_image/S1/Plate_07/Testing/007014-3-001001.png,Uninfected cell,45
861,data_old/output_image/S1/Plate_07/Testing/007014-8-001001.png,Infected cell,16
862,data_old/output_image/S1/Plate_07/Testing/007014-8-001001.png,Irrelevant cell,29
863,data_old/output_image/S1/Plate_07/Testing/007014-8-001001.png,Uninfected cell,42
864,data_old/output_image/S1/Plate_07/Testing/007014-9-001001.png,Infected cell,14
865,data_old/output_image/S1/Plate_07/Testing/007014-9-001001.png,Irrelevant cell,32
866,data_old/output_image/S1/Plate_07/Testing/007014-9-001001.png,Uninfected cell,39
867,data_old/output_image/S1/Plate_07/Testing/007016-11-001001.png,Infected cell,3
868,data_old/output_image/S1/Plate_07/Testing/007016-11-001001.png,Irrelevant cell,19
869,data_old/output_image/S1/Plate_07/Testing/007016-11-001001.png,Uninfected cell,24
870,data_old/output_image/S1/Plate_07/Testing/007016-12-001001.png,Infected cell,2
871,data_old/output_image/S1/Plate_07/Testing/007016-12-001001.png,Irrelevant cell,14
872,data_old/output_image/S1/Plate_07/Testing/007016-12-001001.png,Uninfected cell,17
873,data_old/output_image/S1/Plate_07/Testing/007016-4-001001.png,Infected cell,2
874,data_old/output_image/S1/Plate_07/Testing/007016-4-001001.png,Irrelevant cell,12
875,data_old/output_image/S1/Plate_07/Testing/007016-4-001001.png,Uninfected cell,13
876,data_old/output_image/S1/Plate_07/Testing/007016-8-001001.png,Infected cell,3
877,data_old/output_image/S1/Plate_07/Testing/007016-8-001001.png,Irrelevant cell,16
878,data_old/output_image/S1/Plate_07/Testing/007016-8-001001.png,Uninfected cell,29
879,data_old/output_image/S1/Plate_07/Testing/007020-1-001001.png,Infected cell,7
880,data_old/output_image/S1/Plate_07/Testing/007020-1-001001.png,Irrelevant cell,17
881,data_old/output_image/S1/Plate_07/Testing/007020-1-001001.png,Uninfected cell,42
882,data_old/output_image/S1/Plate_07/Testing/007020-12-001001.png,Infected cell,4
883,data_old/output_image/S1/Plate_07/Testing/007020-12-001001.png,Irrelevant cell,23
884,data_old/output_image/S1/Plate_07/Testing/007020-12-001001.png,Uninfected cell,31
885,data_old/output_image/S1/Plate_07/Testing/007020-3-001001.png,Infected cell,9
886,data_old/output_image/S1/Plate_07/Testing/007020-3-001001.png,Irrelevant cell,17
887,data_old/output_image/S1/Plate_07/Testing/007020-3-001001.png,Uninfected cell,11
888,data_old/output_image/S1/Plate_07/Testing/007020-9-001001.png,Infected cell,7
889,data_old/output_image/S1/Plate_07/Testing/007020-9-001001.png,Irrelevant cell,21
890,data_old/output_image/S1/Plate_07/Testing/007020-9-001001.png,Uninfected cell,39
891,data_old/output_image/S1/Plate_07/Testing/008016-11-001001.png,Infected cell,7
892,data_old/output_image/S1/Plate_07/Testing/008016-11-001001.png,Irrelevant cell,9
893,data_old/output_image/S1/Plate_07/Testing/008016-11-001001.png,Uninfected cell,20
894,data_old/output_image/S1/Plate_07/Testing/008016-2-001001.png,Infected cell,7
895,data_old/output_image/S1/Plate_07/Testing/008016-2-001001.png,Irrelevant cell,13
896,data_old/output_image/S1/Plate_07/Testing/008016-2-001001.png,Uninfected cell,41
897,data_old/output_image/S1/Plate_07/Testing/008016-3-001001.png,Infected cell,4
898,data_old/output_image/S1/Plate_07/Testing/008016-3-001001.png,Irrelevant cell,29
899,data_old/output_image/S1/Plate_07/Testing/008016-3-001001.png,Uninfected cell,22
900,data_old/output_image/S1/Plate_07/Testing/008016-5-001001.png,Infected cell,4
901,data_old/output_image/S1/Plate_07/Testing/008016-5-001001.png,Irrelevant cell,18
902,data_old/output_image/S1/Plate_07/Testing/008016-5-001001.png,Uninfected cell,25
903,data_old/output_image/S1/Plate_07/Testing/010002-1-001001.png,Infected cell,2
904,data_old/output_image/S1/Plate_07/Testing/010002-1-001001.png,Irrelevant cell,8
905,data_old/output_image/S1/Plate_07/Testing/010002-1-001001.png,Uninfected cell,8
906,data_old/output_image/S1/Plate_07/Testing/010002-2-001001.png,Infected cell,7
907,data_old/output_image/S1/Plate_07/Testing/010002-2-001001.png,Irrelevant cell,15
908,data_old/output_image/S1/Plate_07/Testing/010002-2-001001.png,Uninfected cell,4
909,data_old/output_image/S1/Plate_07/Testing/010002-4-001001.png,Infected cell,10
910,data_old/output_image/S1/Plate_07/Testing/010002-4-001001.png,Irrelevant cell,13
911,data_old/output_image/S1/Plate_07/Testing/010002-4-001001.png,Uninfected cell,10
912,data_old/output_image/S1/Plate_07/Testing/010002-7-001001.png,Infected cell,2
913,data_old/output_image/S1/Plate_07/Testing/010002-7-001001.png,Irrelevant cell,9
914,data_old/output_image/S1/Plate_07/Testing/010002-7-001001.png,Uninfected cell,7
915,data_old/output_image/S1/Plate_07/Testing/014012-2-001001.png,Infected cell,6
916,data_old/output_image/S1/Plate_07/Testing/014012-2-001001.png,Irrelevant cell,12
917,data_old/output_image/S1/Plate_07/Testing/014012-2-001001.png,Uninfected cell,29
918,data_old/output_image/S1/Plate_07/Testing/014012-4-001001.png,Infected cell,5
919,data_old/output_image/S1/Plate_07/Testing/014012-4-001001.png,Irrelevant cell,11
920,data_old/output_image/S1/Plate_07/Testing/014012-4-001001.png,Uninfected cell,6
921,data_old/output_image/S1/Plate_07/Testing/014012-7-001001.png,Infected cell,7
922,data_old/output_image/S1/Plate_07/Testing/014012-7-001001.png,Irrelevant cell,8
923,data_old/output_image/S1/Plate_07/Testing/014012-7-001001.png,Uninfected cell,13
924,data_old/output_image/S1/Plate_07/Testing/014012-8-001001.png,Infected cell,9
925,data_old/output_image/S1/Plate_07/Testing/014012-8-001001.png,Irrelevant cell,17
926,data_old/output_image/S1/Plate_07/Testing/014012-8-001001.png,Uninfected cell,16
